{
    "slider": [
        {
            "correctResponseTimes": [
                8.636,
                6.866,
                2.333,
                1.849,
                1.134,
                0.79,
                0.594,
                1.429
            ],
            "incorrectResponseTimes": [
                8.636,
                1.011,
                0.722,
                0.79,
                0.653,
                0.549,
                0.371,
                0.657,
                0.613
            ],
            "endTime": 1716211890,
            "startTime": 29.943,
            "totalQuestions": 9,
            "correctAnswers": 8,
            "incorrectAnswers": 9,
            "sessionLength": 32.8248923
        },
        {
            "endTime": 1716216400,
            "startTime": 29.694,
            "totalQuestions": 10,
            "correctAnswers": 9,
            "incorrectAnswers": 10,
            "sessionLength": 29.625856,
            "correctResponseTimes": [
                3.433,
                1.896,
                7.478,
                5.884,
                1.152,
                0.506,
                0.732,
                0.863,
                0.867
            ],
            "incorrectResponseTimes": [
                0.356,
                0.105,
                0.604,
                0.732,
                1.232,
                0.867,
                0.492,
                0.586,
                0.792,
                0.834
            ]
        },
        {
            "endTime": 1716216402,
            "startTime": 29.694,
            "totalQuestions": 10,
            "correctAnswers": 9,
            "incorrectAnswers": 10,
            "sessionLength": 31.6911455,
            "correctResponseTimes": [
                3.433,
                1.896,
                7.478,
                5.884,
                1.152,
                0.506,
                0.732,
                0.863,
                0.867
            ],
            "incorrectResponseTimes": [
                0.356,
                0.105,
                0.604,
                0.732,
                1.232,
                0.867,
                0.492,
                0.586,
                0.792,
                0.834
            ]
        },
        {
            "endTime": 1716216404,
            "startTime": 29.694,
            "totalQuestions": 10,
            "correctAnswers": 9,
            "incorrectAnswers": 10,
            "sessionLength": 33.7502239,
            "correctResponseTimes": [
                3.433,
                1.896,
                7.478,
                5.884,
                1.152,
                0.506,
                0.732,
                0.863,
                0.867
            ],
            "incorrectResponseTimes": [
                0.356,
                0.105,
                0.604,
                0.732,
                1.232,
                0.867,
                0.492,
                0.586,
                0.792,
                0.834
            ]
        },
        {
            "sessionLength": 3.6678569,
            "correctResponseTimes": [],
            "incorrectResponseTimes": [
                3.541
            ],
            "endTime": 1716216505,
            "startTime": 0.994,
            "totalQuestions": 1,
            "correctAnswers": 0,
            "incorrectAnswers": 1
        },
        {
            "incorrectResponseTimes": [
                4.242,
                2.023,
                6.135,
                0.475,
                0.544,
                0.131,
                0.401
            ],
            "endTime": 1716217756,
            "startTime": 27.493,
            "totalQuestions": 7,
            "correctAnswers": 6,
            "incorrectAnswers": 7,
            "sessionLength": 26.9662614,
            "correctResponseTimes": [
                4.242,
                3.096,
                2.056,
                4.877,
                1.128,
                0.784
            ]
        },
        {
            "incorrectAnswers": 2,
            "sessionLength": 14.4921884,
            "correctResponseTimes": [
                3.78
            ],
            "incorrectResponseTimes": [
                2.08,
                8.349
            ],
            "endTime": 1716220786,
            "startTime": 7.088,
            "totalQuestions": 2,
            "correctAnswers": 1
        },
        {
            "sessionLength": 73.0370742,
            "correctResponseTimes": [
                2.879,
                6.884,
                2.047,
                4.371,
                2.762,
                3.352,
                3.735,
                2.424,
                2.509,
                2.608
            ],
            "incorrectResponseTimes": [
                6.884,
                2.047,
                6.81,
                2.15,
                5.453,
                3.097,
                5.943,
                4.097,
                2.807,
                2.79,
                4.453
            ],
            "endTime": 1716220864,
            "startTime": 69.446,
            "totalQuestions": 11,
            "correctAnswers": 10,
            "incorrectAnswers": 11
        }
    ]
}